Model,Silhouette_Score,Inertia_or_BIC
K-Means,0.8062746924669096,38893.04483059344
GMM,-0.0069373991702282424,-91024.62236959567
